algo,fichier,temps
progdyn,b100000_10.txt,421233
progdyn,b100000_1.txt,418861
progdyn,b100000_2.txt,407989
progdyn,b100000_3.txt,428896
progdyn,b100000_4.txt,439197
progdyn,b100000_5.txt,486123
progdyn,b100000_6.txt,499238
progdyn,b100000_7.txt,452459
progdyn,b100000_8.txt,437145
progdyn,b100000_9.txt,449168
progdyn,b10000_10.txt,1504.35
progdyn,b10000_1.txt,1509.41
progdyn,b10000_2.txt,1514.34
progdyn,b10000_3.txt,1520.77
progdyn,b10000_4.txt,1534.42
progdyn,b10000_5.txt,1516.81
progdyn,b10000_6.txt,1509.76
progdyn,b10000_7.txt,1522.59
progdyn,b10000_8.txt,1514.01
progdyn,b10000_9.txt,1518.78
progdyn,b1000_10.txt,11.8599
progdyn,b1000_1.txt,12.5657
progdyn,b1000_2.txt,12.2114
progdyn,b1000_3.txt,13.081
progdyn,b1000_4.txt,11.9249
progdyn,b1000_5.txt,12.421
progdyn,b1000_6.txt,12.5341
progdyn,b1000_7.txt,12.3238
progdyn,b1000_8.txt,11.9694
progdyn,b1000_9.txt,12.5219
progdyn,b100_10.txt,0.1247
progdyn,b100_1.txt,0.1088
progdyn,b100_2.txt,0.1124
progdyn,b100_3.txt,0.1283
progdyn,b100_4.txt,0.1154
progdyn,b100_5.txt,0.1132
progdyn,b100_6.txt,0.1135
progdyn,b100_7.txt,0.1091
progdyn,b100_8.txt,0.1119
progdyn,b100_9.txt,0.1129
progdyn,b50000_10.txt,56974.4
progdyn,b50000_1.txt,58944.4
progdyn,b50000_2.txt,56752.6
progdyn,b50000_3.txt,58609.4
progdyn,b50000_4.txt,60130
progdyn,b50000_5.txt,59978.2
progdyn,b50000_6.txt,58200.6
progdyn,b50000_7.txt,58396.5
progdyn,b50000_8.txt,58030.2
progdyn,b50000_9.txt,58266.1
progdyn,b5000_10.txt,367.053
progdyn,b5000_1.txt,367.927
progdyn,b5000_2.txt,370.227
progdyn,b5000_3.txt,363.536
progdyn,b5000_4.txt,369.392
progdyn,b5000_5.txt,363.968
progdyn,b5000_6.txt,370.496
progdyn,b5000_7.txt,367.726
progdyn,b5000_8.txt,368.529
progdyn,b5000_9.txt,370.93
progdyn,b500_10.txt,2.9668
progdyn,b500_1.txt,2.8829
progdyn,b500_2.txt,3.3131
progdyn,b500_3.txt,3.0451
progdyn,b500_4.txt,3.0892
progdyn,b500_5.txt,2.9376
progdyn,b500_6.txt,2.9709
progdyn,b500_7.txt,3.0025
progdyn,b500_8.txt,2.9258
progdyn,b500_9.txt,2.9598
tabou,b100000_10.txt,1140.62
tabou,b100000_1.txt,1404.43
tabou,b100000_2.txt,1123.36
tabou,b100000_3.txt,1221.83
tabou,b100000_4.txt,1097.33
tabou,b100000_5.txt,1367.51
tabou,b100000_6.txt,1118.07
tabou,b100000_7.txt,1445.38
tabou,b100000_8.txt,1275.57
tabou,b100000_9.txt,1353.92
tabou,b10000_10.txt,49.7587
tabou,b10000_1.txt,48.2239
tabou,b10000_2.txt,34.4613
tabou,b10000_3.txt,48.6376
tabou,b10000_4.txt,48.2666
tabou,b10000_5.txt,44.7148
tabou,b10000_6.txt,43.0123
tabou,b10000_7.txt,46.7872
tabou,b10000_8.txt,49.7936
tabou,b10000_9.txt,45.2023
tabou,b1000_10.txt,4.0212
tabou,b1000_1.txt,4.3046
tabou,b1000_2.txt,3.7561
tabou,b1000_3.txt,3.4573
tabou,b1000_4.txt,3.7059
tabou,b1000_5.txt,4.173
tabou,b1000_6.txt,3.534
tabou,b1000_7.txt,3.4586
tabou,b1000_8.txt,4.3361
tabou,b1000_9.txt,4.0965
tabou,b100_10.txt,0.5852
tabou,b100_1.txt,0.4838
tabou,b100_2.txt,0.6412
tabou,b100_3.txt,0.6609
tabou,b100_4.txt,0.5394
tabou,b100_5.txt,0.4894
tabou,b100_6.txt,0.6716
tabou,b100_7.txt,0.5402
tabou,b100_8.txt,0.3694
tabou,b100_9.txt,0.436
tabou,b50000_10.txt,284.414
tabou,b50000_1.txt,279.8
tabou,b50000_2.txt,286.286
tabou,b50000_3.txt,314.046
tabou,b50000_4.txt,292.909
tabou,b50000_5.txt,252.855
tabou,b50000_6.txt,331.578
tabou,b50000_7.txt,293.376
tabou,b50000_8.txt,250.398
tabou,b50000_9.txt,323.483
tabou,b5000_10.txt,20.3424
tabou,b5000_1.txt,23.74
tabou,b5000_2.txt,20.1809
tabou,b5000_3.txt,22.1201
tabou,b5000_4.txt,21.3258
tabou,b5000_5.txt,20.3076
tabou,b5000_6.txt,22.5895
tabou,b5000_7.txt,21.9787
tabou,b5000_8.txt,24.7779
tabou,b5000_9.txt,19.7375
tabou,b500_10.txt,2.272
tabou,b500_1.txt,1.8243
tabou,b500_2.txt,2.4228
tabou,b500_3.txt,1.887
tabou,b500_4.txt,1.6617
tabou,b500_5.txt,1.9607
tabou,b500_6.txt,1.688
tabou,b500_7.txt,1.9538
tabou,b500_8.txt,2.1972
tabou,b500_9.txt,2.1645
vorace,b100000_10.txt,4.3827
vorace,b100000_1.txt,4.5229
vorace,b100000_2.txt,4.7447
vorace,b100000_3.txt,4.6426
vorace,b100000_4.txt,4.6397
vorace,b100000_5.txt,4.7629
vorace,b100000_6.txt,4.4538
vorace,b100000_7.txt,4.63
vorace,b100000_8.txt,4.32
vorace,b100000_9.txt,4.5094
vorace,b10000_10.txt,0.2596
vorace,b10000_1.txt,0.2632
vorace,b10000_2.txt,0.2552
vorace,b10000_3.txt,0.2755
vorace,b10000_4.txt,0.2581
vorace,b10000_5.txt,0.2785
vorace,b10000_6.txt,0.3146
vorace,b10000_7.txt,0.3661
vorace,b10000_8.txt,0.265
vorace,b10000_9.txt,0.2617
vorace,b1000_10.txt,0.0251
vorace,b1000_1.txt,0.0282
vorace,b1000_2.txt,0.0256
vorace,b1000_3.txt,0.0253
vorace,b1000_4.txt,0.0256
vorace,b1000_5.txt,0.0262
vorace,b1000_6.txt,0.0284
vorace,b1000_7.txt,0.0256
vorace,b1000_8.txt,0.0259
vorace,b1000_9.txt,0.0253
vorace,b100_10.txt,0.0062
vorace,b100_1.txt,0.0061
vorace,b100_2.txt,0.0064
vorace,b100_3.txt,0.0067
vorace,b100_4.txt,0.0064
vorace,b100_5.txt,0.0098
vorace,b100_6.txt,0.0064
vorace,b100_7.txt,0.0064
vorace,b100_8.txt,0.0061
vorace,b100_9.txt,0.0061
vorace,b50000_10.txt,1.7068
vorace,b50000_1.txt,1.6279
vorace,b50000_2.txt,3.8948
vorace,b50000_3.txt,1.6883
vorace,b50000_4.txt,1.9653
vorace,b50000_5.txt,1.6553
vorace,b50000_6.txt,1.6689
vorace,b50000_7.txt,1.9474
vorace,b50000_8.txt,1.8875
vorace,b50000_9.txt,2.2636
vorace,b5000_10.txt,0.2071
vorace,b5000_1.txt,0.1247
vorace,b5000_2.txt,0.1234
vorace,b5000_3.txt,0.1559
vorace,b5000_4.txt,0.1201
vorace,b5000_5.txt,0.1249
vorace,b5000_6.txt,0.1457
vorace,b5000_7.txt,0.1303
vorace,b5000_8.txt,0.1254
vorace,b5000_9.txt,0.1247
vorace,b500_10.txt,0.0169
vorace,b500_1.txt,0.0161
vorace,b500_2.txt,0.0269
vorace,b500_3.txt,0.0167
vorace,b500_4.txt,0.0172
vorace,b500_5.txt,0.0177
vorace,b500_6.txt,0.0174
vorace,b500_7.txt,0.0195
vorace,b500_8.txt,0.0177
vorace,b500_9.txt,0.0169
vorace,b100000_10.txt,4.2824
vorace,b100000_1.txt,4.5425
vorace,b100000_2.txt,5.4787
vorace,b100000_3.txt,4.8085
vorace,b100000_4.txt,5.3504
vorace,b100000_5.txt,4.6279
vorace,b100000_6.txt,4.6308
vorace,b100000_7.txt,4.5906
vorace,b100000_8.txt,4.617
vorace,b100000_9.txt,4.739
vorace,b10000_10.txt,0.2985
vorace,b10000_1.txt,0.266
vorace,b10000_2.txt,0.2709
vorace,b10000_3.txt,0.299
vorace,b10000_4.txt,0.266
vorace,b10000_5.txt,0.3453
vorace,b10000_6.txt,0.2755
vorace,b10000_7.txt,0.2532
vorace,b10000_8.txt,0.2609
vorace,b10000_9.txt,0.289
vorace,b1000_10.txt,0.0256
vorace,b1000_1.txt,0.0282
vorace,b1000_2.txt,0.0258
vorace,b1000_3.txt,0.0248
vorace,b1000_4.txt,0.0261
vorace,b1000_5.txt,0.0261
vorace,b1000_6.txt,0.0284
vorace,b1000_7.txt,0.0256
vorace,b1000_8.txt,0.0261
vorace,b1000_9.txt,0.0251
vorace,b100_10.txt,0.0064
vorace,b100_1.txt,0.0067
vorace,b100_2.txt,0.0069
vorace,b100_3.txt,0.0066
vorace,b100_4.txt,0.0066
vorace,b100_5.txt,0.0064
vorace,b100_6.txt,0.0066
vorace,b100_7.txt,0.0062
vorace,b100_8.txt,0.0064
vorace,b100_9.txt,0.0062
vorace,b50000_10.txt,1.8555
vorace,b50000_1.txt,2.2791
vorace,b50000_2.txt,1.687
vorace,b50000_3.txt,1.6599
vorace,b50000_4.txt,1.707
vorace,b50000_5.txt,2.2515
vorace,b50000_6.txt,1.6714
vorace,b50000_7.txt,1.7539
vorace,b50000_8.txt,2.273
vorace,b50000_9.txt,1.6438
vorace,b5000_10.txt,0.1705
vorace,b5000_1.txt,0.1224
vorace,b5000_2.txt,0.1252
vorace,b5000_3.txt,0.1424
vorace,b5000_4.txt,0.1211
vorace,b5000_5.txt,0.1247
vorace,b5000_6.txt,0.1758
vorace,b5000_7.txt,0.1395
vorace,b5000_8.txt,0.1612
vorace,b5000_9.txt,0.1273
vorace,b500_10.txt,0.0176
vorace,b500_1.txt,0.0166
vorace,b500_2.txt,0.0175
vorace,b500_3.txt,0.0172
vorace,b500_4.txt,0.0169
vorace,b500_5.txt,0.0172
vorace,b500_6.txt,0.0184
vorace,b500_7.txt,0.0179
vorace,b500_8.txt,0.0231
vorace,b500_9.txt,0.0169
vorace,b100000_10.txt,4.3743
vorace,b100000_1.txt,5.8255
vorace,b100000_2.txt,4.6403
vorace,b100000_3.txt,4.7552
vorace,b100000_4.txt,4.8589
vorace,b100000_5.txt,5.236
vorace,b100000_6.txt,5.1484
vorace,b100000_7.txt,4.7267
vorace,b100000_8.txt,4.5002
vorace,b100000_9.txt,4.7664
vorace,b10000_10.txt,0.2716
vorace,b10000_1.txt,0.3641
vorace,b10000_2.txt,0.2622
vorace,b10000_3.txt,0.3057
vorace,b10000_4.txt,0.2683
vorace,b10000_5.txt,0.2627
vorace,b10000_6.txt,0.2629
vorace,b10000_7.txt,0.2591
vorace,b10000_8.txt,0.2531
vorace,b10000_9.txt,0.256
vorace,b1000_10.txt,0.0243
vorace,b1000_1.txt,0.0307
vorace,b1000_2.txt,0.0259
vorace,b1000_3.txt,0.0248
vorace,b1000_4.txt,0.0251
vorace,b1000_5.txt,0.0258
vorace,b1000_6.txt,0.0281
vorace,b1000_7.txt,0.0261
vorace,b1000_8.txt,0.031
vorace,b1000_9.txt,0.0254
vorace,b100_10.txt,0.0061
vorace,b100_1.txt,0.0064
vorace,b100_2.txt,0.0062
vorace,b100_3.txt,0.0064
vorace,b100_4.txt,0.0064
vorace,b100_5.txt,0.0062
vorace,b100_6.txt,0.0166
vorace,b100_7.txt,0.0064
vorace,b100_8.txt,0.0066
vorace,b100_9.txt,0.0064
vorace,b50000_10.txt,1.7199
vorace,b50000_1.txt,1.5844
vorace,b50000_2.txt,1.675
vorace,b50000_3.txt,1.8752
vorace,b50000_4.txt,1.8813
vorace,b50000_5.txt,2.8554
vorace,b50000_6.txt,1.6632
vorace,b50000_7.txt,4.1244
vorace,b50000_8.txt,2.4529
vorace,b50000_9.txt,1.6379
vorace,b5000_10.txt,0.126
vorace,b5000_1.txt,0.1585
vorace,b5000_2.txt,0.1262
vorace,b5000_3.txt,0.1203
vorace,b5000_4.txt,0.1569
vorace,b5000_5.txt,0.1252
vorace,b5000_6.txt,0.1341
vorace,b5000_7.txt,0.1337
vorace,b5000_8.txt,0.1267
vorace,b5000_9.txt,0.1198
vorace,b500_10.txt,0.0167
vorace,b500_1.txt,0.0167
vorace,b500_2.txt,0.018
vorace,b500_3.txt,0.0169
vorace,b500_4.txt,0.0169
vorace,b500_5.txt,0.0172
vorace,b500_6.txt,0.0174
vorace,b500_7.txt,0.0167
vorace,b500_8.txt,0.0172
vorace,b500_9.txt,0.0292
vorace,b100000_10.txt,4.7129
vorace,b100000_1.txt,4.6059
vorace,b100000_2.txt,4.4014
vorace,b100000_3.txt,4.4792
vorace,b100000_4.txt,4.5845
vorace,b100000_5.txt,6.9739
vorace,b100000_6.txt,4.7744
vorace,b100000_7.txt,5.2354
vorace,b100000_8.txt,4.392
vorace,b100000_9.txt,4.3981
vorace,b10000_10.txt,0.264
vorace,b10000_1.txt,0.277
vorace,b10000_2.txt,0.2583
vorace,b10000_3.txt,0.2655
vorace,b10000_4.txt,0.2593
vorace,b10000_5.txt,0.3262
vorace,b10000_6.txt,0.2858
vorace,b10000_7.txt,0.278
vorace,b10000_8.txt,0.2801
vorace,b10000_9.txt,0.3254
vorace,b1000_10.txt,0.0251
vorace,b1000_1.txt,0.0533
vorace,b1000_2.txt,0.0246
vorace,b1000_3.txt,0.0261
vorace,b1000_4.txt,0.0264
vorace,b1000_5.txt,0.0263
vorace,b1000_6.txt,0.0284
vorace,b1000_7.txt,0.0387
vorace,b1000_8.txt,0.0259
vorace,b1000_9.txt,0.0256
vorace,b100_10.txt,0.0064
vorace,b100_1.txt,0.0067
vorace,b100_2.txt,0.0064
vorace,b100_3.txt,0.0067
vorace,b100_4.txt,0.0069
vorace,b100_5.txt,0.0062
vorace,b100_6.txt,0.0064
vorace,b100_7.txt,0.0064
vorace,b100_8.txt,0.0064
vorace,b100_9.txt,0.0064
vorace,b50000_10.txt,1.6973
vorace,b50000_1.txt,1.6
vorace,b50000_2.txt,2.051
vorace,b50000_3.txt,1.6783
vorace,b50000_4.txt,1.7628
vorace,b50000_5.txt,1.5836
vorace,b50000_6.txt,1.6548
vorace,b50000_7.txt,2.7801
vorace,b50000_8.txt,1.6948
vorace,b50000_9.txt,1.7041
vorace,b5000_10.txt,0.1423
vorace,b5000_1.txt,0.1226
vorace,b5000_2.txt,0.1265
vorace,b5000_3.txt,0.2552
vorace,b5000_4.txt,0.1205
vorace,b5000_5.txt,0.1252
vorace,b5000_6.txt,0.1656
vorace,b5000_7.txt,0.1329
vorace,b5000_8.txt,0.1411
vorace,b5000_9.txt,0.1339
vorace,b500_10.txt,0.0166
vorace,b500_1.txt,0.0177
vorace,b500_2.txt,0.0174
vorace,b500_3.txt,0.0163
vorace,b500_4.txt,0.0169
vorace,b500_5.txt,0.0174
vorace,b500_6.txt,0.0171
vorace,b500_7.txt,0.0174
vorace,b500_8.txt,0.0177
vorace,b500_9.txt,0.0223
vorace,b100000_10.txt,4.4219
vorace,b100000_1.txt,4.5066
vorace,b100000_2.txt,4.4902
vorace,b100000_3.txt,4.5402
vorace,b100000_4.txt,4.4917
vorace,b100000_5.txt,4.4544
vorace,b100000_6.txt,4.3924
vorace,b100000_7.txt,4.6755
vorace,b100000_8.txt,4.8052
vorace,b100000_9.txt,4.5168
vorace,b10000_10.txt,0.2573
vorace,b10000_1.txt,0.2506
vorace,b10000_2.txt,0.2629
vorace,b10000_3.txt,0.2514
vorace,b10000_4.txt,0.2698
vorace,b10000_5.txt,0.2546
vorace,b10000_6.txt,0.2757
vorace,b10000_7.txt,0.2814
vorace,b10000_8.txt,0.2898
vorace,b10000_9.txt,0.2706
vorace,b1000_10.txt,0.0243
vorace,b1000_1.txt,0.0287
vorace,b1000_2.txt,0.0251
vorace,b1000_3.txt,0.0254
vorace,b1000_4.txt,0.0251
vorace,b1000_5.txt,0.0264
vorace,b1000_6.txt,0.0284
vorace,b1000_7.txt,0.0266
vorace,b1000_8.txt,0.0263
vorace,b1000_9.txt,0.0246
vorace,b100_10.txt,0.0061
vorace,b100_1.txt,0.0067
vorace,b100_2.txt,0.0064
vorace,b100_3.txt,0.0062
vorace,b100_4.txt,0.0079
vorace,b100_5.txt,0.0064
vorace,b100_6.txt,0.0067
vorace,b100_7.txt,0.0064
vorace,b100_8.txt,0.0066
vorace,b100_9.txt,0.0062
vorace,b50000_10.txt,2.5165
vorace,b50000_1.txt,3.4944
vorace,b50000_2.txt,1.6383
vorace,b50000_3.txt,1.822
vorace,b50000_4.txt,1.6517
vorace,b50000_5.txt,1.6963
vorace,b50000_6.txt,1.6353
vorace,b50000_7.txt,1.7144
vorace,b50000_8.txt,1.5788
vorace,b50000_9.txt,1.5624
vorace,b5000_10.txt,0.1316
vorace,b5000_1.txt,0.1237
vorace,b5000_2.txt,0.1285
vorace,b5000_3.txt,0.1375
vorace,b5000_4.txt,0.1236
vorace,b5000_5.txt,0.1342
vorace,b5000_6.txt,0.142
vorace,b5000_7.txt,0.1341
vorace,b5000_8.txt,0.1344
vorace,b5000_9.txt,0.1602
vorace,b500_10.txt,0.0169
vorace,b500_1.txt,0.0171
vorace,b500_2.txt,0.0194
vorace,b500_3.txt,0.0174
vorace,b500_4.txt,0.0187
vorace,b500_5.txt,0.0176
vorace,b500_6.txt,0.018
vorace,b500_7.txt,0.018
vorace,b500_8.txt,0.0174
vorace,b500_9.txt,0.0172
vorace,b100000_10.txt,8.0291
vorace,b100000_1.txt,5.2601
vorace,b100000_2.txt,4.5932
vorace,b100000_3.txt,4.6745
vorace,b100000_4.txt,4.7626
vorace,b100000_5.txt,4.7191
vorace,b100000_6.txt,4.4605
vorace,b100000_7.txt,6.7064
vorace,b100000_8.txt,4.8622
vorace,b100000_9.txt,4.9797
vorace,b10000_10.txt,0.288
vorace,b10000_1.txt,0.2619
vorace,b10000_2.txt,0.2734
vorace,b10000_3.txt,0.2634
vorace,b10000_4.txt,0.2655
vorace,b10000_5.txt,0.2647
vorace,b10000_6.txt,0.2988
vorace,b10000_7.txt,0.2637
vorace,b10000_8.txt,0.2861
vorace,b10000_9.txt,0.2696
vorace,b1000_10.txt,0.0249
vorace,b1000_1.txt,0.0276
vorace,b1000_2.txt,0.0251
vorace,b1000_3.txt,0.0251
vorace,b1000_4.txt,0.0253
vorace,b1000_5.txt,0.0263
vorace,b1000_6.txt,0.0284
vorace,b1000_7.txt,0.0261
vorace,b1000_8.txt,0.0256
vorace,b1000_9.txt,0.0253
vorace,b100_10.txt,0.0066
vorace,b100_1.txt,0.0064
vorace,b100_2.txt,0.0062
vorace,b100_3.txt,0.0067
vorace,b100_4.txt,0.0066
vorace,b100_5.txt,0.0062
vorace,b100_6.txt,0.0072
vorace,b100_7.txt,0.0067
vorace,b100_8.txt,0.0064
vorace,b100_9.txt,0.0064
vorace,b50000_10.txt,1.7167
vorace,b50000_1.txt,1.7736
vorace,b50000_2.txt,1.7249
vorace,b50000_3.txt,1.7328
vorace,b50000_4.txt,1.6865
vorace,b50000_5.txt,1.6315
vorace,b50000_6.txt,3.4215
vorace,b50000_7.txt,2.2763
vorace,b50000_8.txt,1.9507
vorace,b50000_9.txt,1.6464
vorace,b5000_10.txt,0.1295
vorace,b5000_1.txt,0.1243
vorace,b5000_2.txt,0.1403
vorace,b5000_3.txt,0.1232
vorace,b5000_4.txt,0.1178
vorace,b5000_5.txt,0.1237
vorace,b5000_6.txt,0.1283
vorace,b5000_7.txt,0.1318
vorace,b5000_8.txt,0.1715
vorace,b5000_9.txt,0.1268
vorace,b500_10.txt,0.0169
vorace,b500_1.txt,0.0169
vorace,b500_2.txt,0.0175
vorace,b500_3.txt,0.0166
vorace,b500_4.txt,0.0172
vorace,b500_5.txt,0.0171
vorace,b500_6.txt,0.0174
vorace,b500_7.txt,0.0202
vorace,b500_8.txt,0.0172
vorace,b500_9.txt,0.0223
vorace,b100000_10.txt,6.1498
vorace,b100000_1.txt,4.2135
vorace,b100000_2.txt,4.9047
vorace,b100000_3.txt,4.5181
vorace,b100000_4.txt,4.511
vorace,b100000_5.txt,4.727
vorace,b100000_6.txt,5.3526
vorace,b100000_7.txt,6.9655
vorace,b100000_8.txt,6.2863
vorace,b100000_9.txt,5.0801
vorace,b10000_10.txt,0.2665
vorace,b10000_1.txt,0.2612
vorace,b10000_2.txt,0.2662
vorace,b10000_3.txt,0.2933
vorace,b10000_4.txt,0.2599
vorace,b10000_5.txt,0.2965
vorace,b10000_6.txt,0.3123
vorace,b10000_7.txt,0.2631
vorace,b10000_8.txt,0.2847
vorace,b10000_9.txt,0.2476
vorace,b1000_10.txt,0.0248
vorace,b1000_1.txt,0.0284
vorace,b1000_2.txt,0.0256
vorace,b1000_3.txt,0.0251
vorace,b1000_4.txt,0.0254
vorace,b1000_5.txt,0.0261
vorace,b1000_6.txt,0.0286
vorace,b1000_7.txt,0.0256
vorace,b1000_8.txt,0.0258
vorace,b1000_9.txt,0.0254
vorace,b100_10.txt,0.0067
vorace,b100_1.txt,0.0062
vorace,b100_2.txt,0.0062
vorace,b100_3.txt,0.0067
vorace,b100_4.txt,0.0064
vorace,b100_5.txt,0.0061
vorace,b100_6.txt,0.0064
vorace,b100_7.txt,0.0064
vorace,b100_8.txt,0.0069
vorace,b100_9.txt,0.0064
vorace,b50000_10.txt,1.9576
vorace,b50000_1.txt,1.5526
vorace,b50000_2.txt,1.7408
vorace,b50000_3.txt,1.7979
vorace,b50000_4.txt,1.726
vorace,b50000_5.txt,2.1962
vorace,b50000_6.txt,1.7011
vorace,b50000_7.txt,1.8183
vorace,b50000_8.txt,2.6731
vorace,b50000_9.txt,1.889
vorace,b5000_10.txt,0.2289
vorace,b5000_1.txt,0.1237
vorace,b5000_2.txt,0.1247
vorace,b5000_3.txt,0.1781
vorace,b5000_4.txt,0.1269
vorace,b5000_5.txt,0.1552
vorace,b5000_6.txt,0.1272
vorace,b5000_7.txt,0.1316
vorace,b5000_8.txt,0.1577
vorace,b5000_9.txt,0.2531
vorace,b500_10.txt,0.0164
vorace,b500_1.txt,0.0164
vorace,b500_2.txt,0.0169
vorace,b500_3.txt,0.0169
vorace,b500_4.txt,0.018
vorace,b500_5.txt,0.0174
vorace,b500_6.txt,0.0166
vorace,b500_7.txt,0.0169
vorace,b500_8.txt,0.0168
vorace,b500_9.txt,0.0167
vorace,b100000_10.txt,4.687
vorace,b100000_1.txt,4.042
vorace,b100000_2.txt,4.5821
vorace,b100000_3.txt,4.5348
vorace,b100000_4.txt,4.4689
vorace,b100000_5.txt,4.4053
vorace,b100000_6.txt,5.8191
vorace,b100000_7.txt,5.8086
vorace,b100000_8.txt,4.4062
vorace,b100000_9.txt,4.3153
vorace,b10000_10.txt,0.2754
vorace,b10000_1.txt,0.3706
vorace,b10000_2.txt,0.2526
vorace,b10000_3.txt,0.2836
vorace,b10000_4.txt,0.2583
vorace,b10000_5.txt,0.2649
vorace,b10000_6.txt,0.2555
vorace,b10000_7.txt,0.2611
vorace,b10000_8.txt,0.4109
vorace,b10000_9.txt,0.2703
vorace,b1000_10.txt,0.0256
vorace,b1000_1.txt,0.0291
vorace,b1000_2.txt,0.0254
vorace,b1000_3.txt,0.0251
vorace,b1000_4.txt,0.0254
vorace,b1000_5.txt,0.0269
vorace,b1000_6.txt,0.0282
vorace,b1000_7.txt,0.0256
vorace,b1000_8.txt,0.0317
vorace,b1000_9.txt,0.034
vorace,b100_10.txt,0.0064
vorace,b100_1.txt,0.0064
vorace,b100_2.txt,0.0062
vorace,b100_3.txt,0.0064
vorace,b100_4.txt,0.0064
vorace,b100_5.txt,0.0087
vorace,b100_6.txt,0.0064
vorace,b100_7.txt,0.0067
vorace,b100_8.txt,0.0067
vorace,b100_9.txt,0.0062
vorace,b50000_10.txt,1.7999
vorace,b50000_1.txt,1.6414
vorace,b50000_2.txt,1.699
vorace,b50000_3.txt,2.7676
vorace,b50000_4.txt,1.6796
vorace,b50000_5.txt,1.6515
vorace,b50000_6.txt,1.8909
vorace,b50000_7.txt,1.9459
vorace,b50000_8.txt,1.6602
vorace,b50000_9.txt,1.8511
vorace,b5000_10.txt,0.151
vorace,b5000_1.txt,0.1267
vorace,b5000_2.txt,0.1242
vorace,b5000_3.txt,0.1227
vorace,b5000_4.txt,0.1551
vorace,b5000_5.txt,0.1365
vorace,b5000_6.txt,0.1282
vorace,b5000_7.txt,0.183
vorace,b5000_8.txt,0.1636
vorace,b5000_9.txt,0.1254
vorace,b500_10.txt,0.0169
vorace,b500_1.txt,0.0166
vorace,b500_2.txt,0.0218
vorace,b500_3.txt,0.0169
vorace,b500_4.txt,0.0171
vorace,b500_5.txt,0.0169
vorace,b500_6.txt,0.0169
vorace,b500_7.txt,0.0171
vorace,b500_8.txt,0.0177
vorace,b500_9.txt,0.0215
vorace,b100000_10.txt,4.6883
vorace,b100000_1.txt,4.2724
vorace,b100000_2.txt,4.5483
vorace,b100000_3.txt,4.323
vorace,b100000_4.txt,4.3869
vorace,b100000_5.txt,6.7812
vorace,b100000_6.txt,4.5248
vorace,b100000_7.txt,4.5223
vorace,b100000_8.txt,4.701
vorace,b100000_9.txt,4.35
vorace,b10000_10.txt,0.285
vorace,b10000_1.txt,0.2893
vorace,b10000_2.txt,0.3377
vorace,b10000_3.txt,0.2636
vorace,b10000_4.txt,0.2718
vorace,b10000_5.txt,0.3127
vorace,b10000_6.txt,0.2663
vorace,b10000_7.txt,0.2665
vorace,b10000_8.txt,0.2629
vorace,b10000_9.txt,0.2485
vorace,b1000_10.txt,0.0253
vorace,b1000_1.txt,0.0276
vorace,b1000_2.txt,0.0335
vorace,b1000_3.txt,0.1298
vorace,b1000_4.txt,0.0251
vorace,b1000_5.txt,0.0262
vorace,b1000_6.txt,0.0379
vorace,b1000_7.txt,0.0259
vorace,b1000_8.txt,0.0259
vorace,b1000_9.txt,0.0246
vorace,b100_10.txt,0.0064
vorace,b100_1.txt,0.0061
vorace,b100_2.txt,0.0064
vorace,b100_3.txt,0.0064
vorace,b100_4.txt,0.0062
vorace,b100_5.txt,0.0067
vorace,b100_6.txt,0.0085
vorace,b100_7.txt,0.0074
vorace,b100_8.txt,0.0067
vorace,b100_9.txt,0.0061
vorace,b50000_10.txt,1.8194
vorace,b50000_1.txt,1.6627
vorace,b50000_2.txt,1.7538
vorace,b50000_3.txt,1.6535
vorace,b50000_4.txt,1.8727
vorace,b50000_5.txt,1.6292
vorace,b50000_6.txt,1.6424
vorace,b50000_7.txt,2.2343
vorace,b50000_8.txt,1.6271
vorace,b50000_9.txt,2.0465
vorace,b5000_10.txt,0.1306
vorace,b5000_1.txt,0.129
vorace,b5000_2.txt,0.127
vorace,b5000_3.txt,0.1234
vorace,b5000_4.txt,0.1874
vorace,b5000_5.txt,0.1239
vorace,b5000_6.txt,0.204
vorace,b5000_7.txt,0.1316
vorace,b5000_8.txt,0.1528
vorace,b5000_9.txt,0.1237
vorace,b500_10.txt,0.0167
vorace,b500_1.txt,0.0166
vorace,b500_2.txt,0.0177
vorace,b500_3.txt,0.0166
vorace,b500_4.txt,0.0205
vorace,b500_5.txt,0.0174
vorace,b500_6.txt,0.0172
vorace,b500_7.txt,0.0167
vorace,b500_8.txt,0.0171
vorace,b500_9.txt,0.0164
vorace,b100000_10.txt,4.2164
vorace,b100000_1.txt,4.4233
vorace,b100000_2.txt,4.4756
vorace,b100000_3.txt,4.5191
vorace,b100000_4.txt,4.1236
vorace,b100000_5.txt,4.446
vorace,b100000_6.txt,4.4256
vorace,b100000_7.txt,4.833
vorace,b100000_8.txt,4.6098
vorace,b100000_9.txt,4.4775
vorace,b10000_10.txt,0.2862
vorace,b10000_1.txt,0.2593
vorace,b10000_2.txt,0.349
vorace,b10000_3.txt,0.2558
vorace,b10000_4.txt,0.4652
vorace,b10000_5.txt,0.2903
vorace,b10000_6.txt,0.2537
vorace,b10000_7.txt,0.4183
vorace,b10000_8.txt,0.2619
vorace,b10000_9.txt,0.2619
vorace,b1000_10.txt,0.0246
vorace,b1000_1.txt,0.0279
vorace,b1000_2.txt,0.0248
vorace,b1000_3.txt,0.0253
vorace,b1000_4.txt,0.0253
vorace,b1000_5.txt,0.0264
vorace,b1000_6.txt,0.0276
vorace,b1000_7.txt,0.0286
vorace,b1000_8.txt,0.0251
vorace,b1000_9.txt,0.0256
vorace,b100_10.txt,0.0064
vorace,b100_1.txt,0.0062
vorace,b100_2.txt,0.0061
vorace,b100_3.txt,0.0064
vorace,b100_4.txt,0.0066
vorace,b100_5.txt,0.0064
vorace,b100_6.txt,0.0064
vorace,b100_7.txt,0.0074
vorace,b100_8.txt,0.0064
vorace,b100_9.txt,0.0061
vorace,b50000_10.txt,1.8926
vorace,b50000_1.txt,1.7774
vorace,b50000_2.txt,1.7249
vorace,b50000_3.txt,3.5982
vorace,b50000_4.txt,1.7533
vorace,b50000_5.txt,1.7521
vorace,b50000_6.txt,1.6816
vorace,b50000_7.txt,2.0858
vorace,b50000_8.txt,1.944
vorace,b50000_9.txt,1.6378
vorace,b5000_10.txt,0.1564
vorace,b5000_1.txt,0.1264
vorace,b5000_2.txt,0.2076
vorace,b5000_3.txt,0.1223
vorace,b5000_4.txt,0.1227
vorace,b5000_5.txt,0.1461
vorace,b5000_6.txt,0.1288
vorace,b5000_7.txt,0.1324
vorace,b5000_8.txt,0.1733
vorace,b5000_9.txt,0.1541
vorace,b500_10.txt,0.0166
vorace,b500_1.txt,0.0164
vorace,b500_2.txt,0.0174
vorace,b500_3.txt,0.0164
vorace,b500_4.txt,0.0212
vorace,b500_5.txt,0.0177
vorace,b500_6.txt,0.0177
vorace,b500_7.txt,0.0174
vorace,b500_8.txt,0.0172
vorace,b500_9.txt,0.0169
